prompt,pear1,pear2,pear3,pear4,pear5,95confScorePear,spear1,spear2,spear3,spear4,spear5,95confScoreSpear
ag,0.32388657,0.32616124,0.32492548,0.32491243,0.32378662,,0.3548428398,0.3588799736,0.3579799588,0.3557122382,0.3558273134,
dg,0.3074638,0.30479652,0.3096097,0.3114126,0.30629796,,0.3489502503,0.3462275076,0.3499658681,0.3508547977,0.3478269473,
dag,0.2930994,0.29313523,0.29139283,0.29798383,0.29693633,,0.3316588811,0.3320605886,0.3338389756,0.3327172562,0.3307752302,