prompt,pear1,pear2,pear3,pear4,pear5,95confScorePear,spear1,spear2,spear3,spear4,spear5,95confScoreSpear
ag,0.17635855,0.1770373,0.17551237,0.17707577,0.17646533,,0.1480025494,0.1510773799,0.149946159,0.1508477574,0.1481883589,
dg,0.27404833,0.28093332,0.27718794,0.28073865,0.28215125,,0.2513194964,0.2586505259,0.2549074146,0.2594586917,0.2649706884,
dag,0.22327526,0.20602158,0.22432065,0.22762598,0.21699344,,0.1981996206,0.1792238249,0.2003607118,0.2043857046,0.1931838197,