prompt,pear1,pear2,pear3,pear4,pear5,95confScorePear,spear1,spear2,spear3,spear4,spear5,95confScoreSpear
ag,0.18059891,0.17560641,0.1784329,0.17783469,0.17701744,,0.1529396979,0.1475702255,0.151536625,0.1521864304,0.1488756429,
dg,0.24453185,0.24384525,0.2450285,0.24575359,0.24249224,,0.2339352224,0.2298516363,0.2341062516,0.2394366618,0.2310852636,
dag,0.20606087,0.21029513,0.1928401,0.20177363,0.20834866,,0.180098502,0.1857065707,0.1700017533,0.1791826512,0.1820674493,