prompt,pear1,pear2,pear3,pear4,pear5,95confScorePear,spear1,spear2,spear3,spear4,spear5,95confScoreSpear
ag,0.24086377,0.23638563,0.22095758,0.23726061,0.21424878,,0.2076183677,0.2068687953,0.1901469956,0.2050539854,0.1821160132,
dg,0.27436638,0.28210473,0.2791068,0.29424825,0.2829491,,0.2847166434,0.2660718209,0.2858072185,0.2893645204,0.3001668093,
dag,0.25255674,0.28105778,0.25335485,0.2738493,0.24634874,,0.2356027572,0.2683442923,0.2401841228,0.2521572228,0.2243802854,